 id |  symbol   |                              name                              | currency |                 website                  
----+-----------+----------------------------------------------------------------+----------+------------------------------------------
  1 | RRRP3.SA  | 3R Petroleum Óleo e Gás S.A.                                   | BRL      | https://www.3rpetroleum.com.br
  2 | ALSO3.SA  | Aliansce Sonae Shopping Centers S.A.                           | BRL      | https://www.alianscesonae.com.br
  3 | ALPA4.SA  | Alpargatas S.A.                                                | BRL      | https://www.alpargatas.com.br
  4 | ABEV3.SA  | Ambev S.A.                                                     | BRL      | https://www.ambev.com.br
  5 | ARZZ3.SA  | Arezzo Indústria e Comércio S.A.                               | BRL      | https://ri.arezzoco.com.br
  6 | ASAI3.SA  | Sendas Distribuidora S.A.                                      | BRL      | https://www.assai.com.br
  7 | AZUL4.SA  | Azul S.A.                                                      | BRL      | https://www.voeazul.com.br
  8 | B3SA3.SA  | B3 S.A. - Brasil, Bolsa, Balcão                                | BRL      | https://www.b3.com.br
  9 | BBSE3.SA  | BB Seguridade Participações S.A.                               | BRL      | https://www.bbseguridaderi.com.br
 10 | BBDC3.SA  | Banco Bradesco S.A.                                            | BRL      | https://banco.bradesco
 11 | BBDC4.SA  | Banco Bradesco S.A.                                            | BRL      | https://banco.bradesco
 12 | BRAP4.SA  | Bradespar S.A.                                                 | BRL      | https://www.bradespar.com.br
 13 | BBAS3.SA  | Banco do Brasil S.A.                                           | BRL      | https://www.bb.com.br
 14 | BRKM5.SA  | Braskem S.A.                                                   | BRL      | https://www.braskem.com.br
 15 | BRFS3.SA  | BRF S.A.                                                       | BRL      | https://www.brf-global.com
 16 | BPAC11.SA | Banco BTG Pactual S.A.                                         | BRL      | https://www.btgpactual.com.br
 17 | CRFB3.SA  | Atacadão S.A.                                                  | BRL      | https://www.atacadao.com.br
 18 | CCRO3.SA  | CCR S.A.                                                       | BRL      | https://www.ccr.com.br
 19 | CMIG4.SA  | Companhia Energética de Minas Gerais                           | BRL      | https://www.cemig.com.br
 20 | CIEL3.SA  | Cielo S.A.                                                     | BRL      | https://www.cielo.com.br
 21 | COGN3.SA  | Cogna Educação S.A.                                            | BRL      | https://ri.cogna.com.br
 22 | CPLE6.SA  | Companhia Paranaense de Energia - COPEL                        | BRL      | https://www.copel.com
 23 | CSAN3.SA  | Cosan S.A.                                                     | BRL      | https://www.cosan.com.br
 24 | CPFE3.SA  | CPFL Energia S.A.                                              | BRL      | https://www.cpfl.com.br
 25 | CMIN3.SA  | CSN Mineração S.A.                                             | BRL      | https://ri.csnmineracao.com.br
 26 | CVCB3.SA  | CVC Brasil Operadora e Agência de Viagens S.A.                 | BRL      | https://www.cvc.com.br
 27 | CYRE3.SA  | Cyrela Brazil Realty S.A. Empreendimentos e Participações      | BRL      | https://www.cyrela.com.br
 28 | DXCO3.SA  | Dexco S.A.                                                     | BRL      | https://www.dex.co
 29 | ELET3.SA  | Centrais Elétricas Brasileiras S.A. - Eletrobrás               | BRL      | https://eletrobras.com
 30 | ELET6.SA  | Centrais Elétricas Brasileiras S.A. - Eletrobrás               | BRL      | https://eletrobras.com
 31 | EMBR3.SA  | Embraer S.A.                                                   | BRL      | https://embraer.com
 32 | ENBR3.SA  | EDP - Energias do Brasil S.A.                                  | BRL      | https://enbr.infoinvest.com.br
 33 | ENGI11.SA | Energisa S.A.                                                  | BRL      | https://www.energisa.com.br
 34 | ENEV3.SA  | Eneva S.A.                                                     | BRL      | https://www.eneva.com.br
 35 | EGIE3.SA  | Engie Brasil Energia S.A.                                      | BRL      | https://www.engieenergia.com.br
 36 | EQTL3.SA  | Equatorial Energia S.A.                                        | BRL      | https://www.equatorialenergia.com.br
 37 | EZTC3.SA  | EZTEC Empreendimentos e Participações S.A.                     | BRL      | https://www.eztec.com.br
 38 | FLRY3.SA  | Fleury S.A.                                                    | BRL      | https://ri.fleury.com.br
 39 | GGBR4.SA  | Gerdau S.A.                                                    | BRL      | https://www2.gerdau.com
 40 | GOAU4.SA  | Metalurgica Gerdau S.A.                                        | BRL      | https://www2.gerdau.com
 41 | GOLL4.SA  | Gol Linhas Aéreas Inteligentes S.A.                            | BRL      | https://www.voegol.com.br
 42 | NTCO3.SA  | Natura &Co Holding S.A.                                        | BRL      | https://ri.naturaeco.com
 43 | SOMA3.SA  | Grupo de Moda SOMA S.A.                                        | BRL      | https://www.somagrupo.com.br
 44 | HAPV3.SA  | Hapvida Participações e Investimentos S.A.                     | BRL      | https://ri.hapvida.com.br
 45 | HYPE3.SA  | Hypera S.A.                                                    | BRL      | https://www.hyperapharma.com.br
 46 | IGTI11.SA | Iguatemi S.A.                                                  | BRL      | https://iguatemi.com.br
 47 | IRBR3.SA  | IRB-Brasil Resseguros S.A.                                     | BRL      | https://www.irbre.com
 48 | ITSA4.SA  | Itaúsa S.A.                                                    | BRL      | https://www.itausa.com.br
 49 | ITUB4.SA  | Itaú Unibanco Holding S.A.                                     | BRL      | https://www.itau.com.br
 50 | JBSS3.SA  | JBS S.A.                                                       | BRL      | https://www.jbs.com.br
 51 | KLBN11.SA | Klabin S.A.                                                    | BRL      | https://www.klabin.com.br
 52 | RENT3.SA  | Localiza Rent a Car S.A.                                       | BRL      | https://www.localiza.com
 53 | LWSA3.SA  | Locaweb Serviços de Internet S.A.                              | BRL      | https://www.locaweb.com.br
 54 | LREN3.SA  | Lojas Renner S.A.                                              | BRL      | https://www.lojasrenner.com.br
 55 | MGLU3.SA  | Magazine Luiza S.A.                                            | BRL      | https://www.magazineluiza.com.br
 56 | MRFG3.SA  | Marfrig Global Foods S.A.                                      | BRL      | https://www.marfrig.com.br
 57 | CASH3.SA  | Méliuz S.A.                                                    | BRL      | https://www.meliuz.com.br
 58 | BEEF3.SA  | Minerva S.A.                                                   | BRL      | https://ri.minervafoods.com
 59 | MRVE3.SA  | MRV Engenharia e Participações S.A.                            | BRL      | https://www.mrv.com.br
 60 | MULT3.SA  | Multiplan Empreendimentos Imobiliários S.A.                    | BRL      | https://www.multiplan.com.br
 61 | PCAR3.SA  | Companhia Brasileira De Distribuicao                           | BRL      | https://www.gpari.com.br
 62 | PETR3.SA  | Petróleo Brasileiro S.A. - Petrobras                           | BRL      | https://petrobras.com.br
 63 | PETR4.SA  | Petróleo Brasileiro S.A. - Petrobras                           | BRL      | https://petrobras.com.br
 64 | PRIO3.SA  | Petro Rio S.A.                                                 | BRL      | https://www.prio3.com.br
 65 | PETZ3.SA  | Pet Center Comércio e Participações S.A.                       | BRL      | https://www.petz.com.br
 66 | RADL3.SA  | Raia Drogasil S.A.                                             | BRL      | https://www.rd.com.br
 67 | RAIZ4.SA  | Raízen S.A.                                                    | BRL      | https://www.raizen.com.br
 68 | RDOR3.SA  | Rede D'Or São Luiz S.A.                                        | BRL      | https://www.rededorsaoluiz.com.br
 69 | RAIL3.SA  | Rumo S.A.                                                      | BRL      | https://www.rumolog.com
 70 | SBSP3.SA  | Companhia de Saneamento Básico do Estado de São Paulo - SABESP | BRL      | https://www.sabesp.com.br
 71 | SANB11.SA | Banco Santander (Brasil) S.A.                                  | BRL      | https://www.santander.com.br
 72 | SMTO3.SA  | São Martinho S.A.                                              | BRL      | https://www.saomartinho.com.br
 73 | CSNA3.SA  | Companhia Siderúrgica Nacional                                 | BRL      | https://www.csn.com.br
 74 | SLCE3.SA  | SLC Agrícola S.A.                                              | BRL      | https://www.slcagricola.com.br
 75 | SUZB3.SA  | Suzano S.A.                                                    | BRL      | https://www.suzano.com.br
 76 | TAEE11.SA | Transmissora Aliança de Energia Elétrica S.A.                  | BRL      | https://institucional.taesa.com.br/
 77 | VIVT3.SA  | Telefônica Brasil S.A.                                         | BRL      | https://www.telefonica.com.br
 78 | TIMS3.SA  | TIM S.A.                                                       | BRL      | https://www.tim.com.br
 79 | TOTS3.SA  | TOTVS S.A.                                                     | BRL      | https://www.totvs.com
 80 | UGPA3.SA  | Ultrapar Participações S.A.                                    | BRL      | https://www.ultra.com.br
 81 | USIM5.SA  | Usinas Siderúrgicas de Minas Gerais S.A.                       | BRL      | https://www.usiminas.com
 82 | VALE3.SA  | Vale S.A.                                                      | BRL      | https://www.vale.com
 83 | VIIA3.SA  | Via S.A.                                                       | BRL      | https://www.via.com.br
 84 | VBBR3.SA  | Vibra Energia S.A.                                             | BRL      | https://www.vibraenergia.com.br
 85 | WEGE3.SA  | WEG S.A.                                                       | BRL      | https://www.weg.net/institutional/BR/en/
 86 | YDUQ3.SA  | Yduqs Participações S.A.                                       | BRL      | https://yduqs.com.br
(86 rows)

